tyden,prumer
198400,01.11.1982,0.32
198400,08.11.1982,0.31714285714285717
198400,15.11.1982,0.3871428571428571
198400,22.11.1982,0.37714285714285717
198400,29.11.1982,0.41285714285714287
198400,06.12.1982,0.47000000000000003
198400,13.12.1982,0.4471428571428572
198400,20.12.1982,0.4242857142857143
198400,27.12.1982,0.3557142857142857
198400,03.01.1983,0.39285714285714285
198400,10.01.1983,0.31857142857142856
198400,17.01.1983,0.3557142857142857
198400,24.01.1983,0.3228571428571429
198400,31.01.1983,0.4542857142857143
198400,07.02.1983,0.43714285714285717
198400,14.02.1983,0.42714285714285716
198400,21.02.1983,0.45
198400,28.02.1983,0.6914285714285714
198400,07.03.1983,0.8514285714285715
198400,14.03.1983,0.5414285714285715
198400,21.03.1983,0.4371428571428572
198400,28.03.1983,0.45999999999999996
198400,04.04.1983,0.5042857142857143
198400,11.04.1983,0.6471428571428571
198400,18.04.1983,0.47857142857142865
198400,25.04.1983,0.33285714285714285
198400,02.05.1983,0.42714285714285716
198400,09.05.1983,0.6671428571428573
198400,16.05.1983,0.32857142857142857
198400,23.05.1983,0.8142857142857142
198400,30.05.1983,0.3971428571428571
198400,06.06.1983,0.32285714285714284
198400,13.06.1983,0.4785714285714286
198400,20.06.1983,0.3242857142857143
198400,27.06.1983,0.26857142857142857
198400,04.07.1983,0.18714285714285714
198400,11.07.1983,0.1842857142857143
198400,18.07.1983,0.18857142857142856
198400,25.07.1983,0.2214285714285714
198400,01.08.1983,1.9071428571428573
198400,08.08.1983,0.9342857142857143
198400,15.08.1983,0.5071428571428572
198400,22.08.1983,0.2657142857142857
198400,29.08.1983,0.24
198400,05.09.1983,0.2157142857142857
198400,12.09.1983,0.24857142857142858
198400,19.09.1983,0.2671428571428572
198400,26.09.1983,0.21999999999999997
198400,03.10.1983,0.26142857142857145
198400,10.10.1983,0.3028571428571429
198400,17.10.1983,0.3071428571428571
198400,24.10.1983,0.32
198400,31.10.1983,0.3628571428571429
198400,07.11.1983,0.32
198400,14.11.1983,0.35
198400,21.11.1983,0.48571428571428577
198400,28.11.1983,0.6000000000000002
198400,05.12.1983,0.51
198400,12.12.1983,0.5171428571428571
198400,19.12.1983,0.5071428571428572
198400,26.12.1983,0.4985714285714286
198400,02.01.1984,0.4342857142857143
198400,09.01.1984,0.49571428571428566
198400,16.01.1984,0.47428571428571425
198400,23.01.1984,0.33571428571428574
198400,30.01.1984,0.4014285714285715
198400,06.02.1984,0.6214285714285716
198400,13.02.1984,0.43142857142857144
198400,20.02.1984,0.3371428571428572
198400,27.02.1984,0.7628571428571428
198400,05.03.1984,0.6914285714285714
198400,12.03.1984,0.3057142857142857
198400,19.03.1984,0.2571428571428572
198400,26.03.1984,0.35428571428571437
198400,02.04.1984,0.7528571428571428
198400,09.04.1984,0.5414285714285715
198400,16.04.1984,0.6814285714285715
198400,23.04.1984,0.3771428571428571
198400,30.04.1984,0.5028571428571429
198400,07.05.1984,0.6071428571428571
198400,14.05.1984,0.7742857142857142
198400,21.05.1984,0.7842857142857141
198400,28.05.1984,0.7157142857142859
198400,04.06.1984,0.5142857142857141
198400,11.06.1984,0.3571428571428572
198400,18.06.1984,0.2871428571428572
198400,25.06.1984,0.2842857142857143
198400,02.07.1984,0.33285714285714285
198400,09.07.1984,0.28
198400,16.07.1984,0.4485714285714285
198400,23.07.1984,0.3742857142857143
198400,30.07.1984,0.35285714285714287
198400,06.08.1984,0.4
198400,13.08.1984,0.5185714285714286
198400,20.08.1984,0.35285714285714287
198400,27.08.1984,0.3442857142857143
198400,03.09.1984,0.3728571428571429
198400,10.09.1984,0.5842857142857143
198400,17.09.1984,0.5314285714285714
198400,24.09.1984,0.4242857142857143
198400,01.10.1984,0.5071428571428571
198400,08.10.1984,0.5171428571428571
198400,15.10.1984,0.4914285714285715
198400,22.10.1984,0.41285714285714287
198400,29.10.1984,0.42857142857142866
198400,05.11.1984,0.4128571428571428
198400,12.11.1984,0.4585714285714286
198400,19.11.1984,0.5328571428571428
198400,26.11.1984,0.4685714285714286
198400,03.12.1984,0.39999999999999997
198400,10.12.1984,0.4042857142857143
198400,17.12.1984,0.3914285714285714
198400,24.12.1984,0.37000000000000005
198400,31.12.1984,0.32142857142857145
198400,07.01.1985,0.19999999999999998
198400,14.01.1985,0.24857142857142858
198400,21.01.1985,0.26
198400,28.01.1985,1.5914285714285714
198400,04.02.1985,0.9757142857142859
198400,11.02.1985,0.43142857142857144
198400,18.02.1985,0.3228571428571429
198400,25.02.1985,0.6042857142857143
198400,04.03.1985,0.557142857142857
198400,11.03.1985,0.4285714285714285
198400,18.03.1985,1.5085714285714287
198400,25.03.1985,1.6999999999999997
198400,01.04.1985,0.8242857142857144
198400,08.04.1985,0.48714285714285716
198400,15.04.1985,0.4714285714285714
198400,22.04.1985,0.3742857142857143
198400,29.04.1985,0.35714285714285715
198400,06.05.1985,0.33571428571428574
198400,13.05.1985,0.4985714285714286
198400,20.05.1985,0.49714285714285716
198400,27.05.1985,0.3442857142857143
198400,03.06.1985,0.32428571428571434
198400,10.06.1985,0.25142857142857145
198400,17.06.1985,0.2714285714285714
198400,24.06.1985,0.3471428571428571
198400,01.07.1985,0.27999999999999997
198400,08.07.1985,0.20714285714285713
198400,15.07.1985,0.24857142857142858
198400,22.07.1985,0.23428571428571426
198400,29.07.1985,0.23857142857142857
198400,05.08.1985,0.3257142857142857
198400,12.08.1985,0.3442857142857143
198400,19.08.1985,0.33999999999999997
198400,26.08.1985,0.3442857142857143
198400,02.09.1985,0.3357142857142857
198400,09.09.1985,0.3271428571428571
198400,16.09.1985,0.21857142857142856
198400,23.09.1985,0.21714285714285714
198400,30.09.1985,0.1957142857142857
198400,07.10.1985,0.17999999999999997
198400,14.10.1985,0.19857142857142857
198400,21.10.1985,0.2571428571428572
198400,28.10.1985,0.4305714285714286
198400,04.11.1985,0.47214285714285714
198400,11.11.1985,0.39057142857142857
198400,18.11.1985,0.348
198400,25.11.1985,0.3842857142857143
198400,02.12.1985,0.798
198400,09.12.1985,0.487
198400,16.12.1985,0.556
198400,23.12.1985,0.4791428571428571
198400,30.12.1985,0.38985714285714285
198400,06.01.1986,0.41800000000000004
198400,13.01.1986,1.6184285714285715
198400,20.01.1986,1.8531428571428568
198400,27.01.1986,0.791
198400,03.02.1986,0.5181428571428571
198400,10.02.1986,0.3642857142857143
198400,17.02.1986,0.29185714285714287
198400,24.02.1986,0.27199999999999996
198400,03.03.1986,0.49685714285714283
198400,10.03.1986,0.43299999999999994
198400,17.03.1986,0.2951428571428572
198400,24.03.1986,0.6872857142857143
198400,31.03.1986,0.585
198400,07.04.1986,0.5487142857142857
198400,14.04.1986,0.44485714285714284
198400,21.04.1986,0.507
198400,28.04.1986,0.34385714285714286
198400,05.05.1986,0.3204285714285714
198400,12.05.1986,0.37700000000000006
198400,19.05.1986,0.5234285714285715
198400,26.05.1986,5.810857142857143
198400,02.06.1986,2.609714285714286
198400,09.06.1986,0.775
198400,16.06.1986,0.8414285714285715
198400,23.06.1986,0.3592857142857143
198400,30.06.1986,0.27599999999999997
198400,07.07.1986,0.4134285714285714
198400,14.07.1986,0.31028571428571433
198400,21.07.1986,0.28528571428571425
198400,28.07.1986,0.3247142857142857
198400,04.08.1986,0.316
198400,11.08.1986,0.2691428571428572
198400,18.08.1986,0.5281428571428571
198400,25.08.1986,0.553
198400,01.09.1986,0.47628571428571437
198400,08.09.1986,0.359
198400,15.09.1986,0.3895714285714286
198400,22.09.1986,0.289
198400,29.09.1986,0.2771428571428571
198400,06.10.1986,0.2834285714285714
198400,13.10.1986,0.287
198400,20.10.1986,0.43742857142857144
198400,27.10.1986,0.3735714285714286
198400,03.11.1986,0.4201428571428571
198400,10.11.1986,0.40714285714285714
198400,17.11.1986,0.40585714285714286
198400,24.11.1986,0.35671428571428576
198400,01.12.1986,0.36571428571428577
198400,08.12.1986,0.34800000000000003
198400,15.12.1986,0.38742857142857146
198400,22.12.1986,0.3771428571428571
198400,29.12.1986,1.397
198400,05.01.1987,0.8095714285714285
198400,12.01.1987,1.0931428571428572
198400,19.01.1987,0.39228571428571435
198400,26.01.1987,0.8975714285714285
198400,02.02.1987,0.45699999999999996
198400,09.02.1987,2.4414285714285713
198400,16.02.1987,1.6828571428571426
198400,23.02.1987,1.2128571428571429
198400,02.03.1987,0.9614285714285715
198400,09.03.1987,0.6574285714285715
198400,16.03.1987,1.456
198400,23.03.1987,5.865714285714286
198400,30.03.1987,3.2199999999999998
198400,06.04.1987,2.87
198400,13.04.1987,1.348
198400,20.04.1987,0.7968571428571429
198400,27.04.1987,0.7111428571428571
198400,04.05.1987,0.8398571428571427
198400,11.05.1987,0.6664285714285715
198400,18.05.1987,0.9812857142857144
198400,25.05.1987,0.8232857142857144
198400,01.06.1987,0.8702857142857143
198400,08.06.1987,0.8914285714285715
198400,15.06.1987,1.815
198400,22.06.1987,1.856857142857143
198400,29.06.1987,1.240142857142857
198400,06.07.1987,0.8037142857142856
198400,13.07.1987,0.5585714285714285
198400,20.07.1987,1.147714285714286
198400,27.07.1987,0.6351428571428571
198400,03.08.1987,0.5154285714285715
198400,10.08.1987,0.5357142857142857
198400,17.08.1987,0.4847142857142857
198400,24.08.1987,0.44499999999999995
198400,31.08.1987,0.5054285714285714
198400,07.09.1987,0.659142857142857
198400,14.09.1987,0.6172857142857142
198400,21.09.1987,0.5694285714285714
198400,28.09.1987,0.4638571428571428
198400,05.10.1987,0.41328571428571426
198400,12.10.1987,0.4412857142857143
198400,19.10.1987,0.5524285714285714
198400,26.10.1987,0.5445714285714286
198400,02.11.1987,0.49714285714285716
198400,09.11.1987,0.4775714285714286
198400,16.11.1987,0.563857142857143
198400,23.11.1987,0.534142857142857
198400,30.11.1987,0.4705714285714286
198400,07.12.1987,0.4198571428571428
198400,14.12.1987,1.1035714285714284
198400,21.12.1987,1.141857142857143
198400,28.12.1987,0.6924285714285714
198400,04.01.1988,0.47828571428571426
198400,11.01.1988,0.44871428571428573
198400,18.01.1988,0.4451428571428572
198400,25.01.1988,1.0107142857142857
198400,01.02.1988,0.7857142857142857
198400,08.02.1988,0.7041428571428572
198400,15.02.1988,0.663142857142857
198400,22.02.1988,0.7864285714285714
198400,29.02.1988,0.7432857142857143
198400,07.03.1988,1.0282857142857142
198400,14.03.1988,3.23
198400,21.03.1988,3.1271428571428572
198400,28.03.1988,2.5171428571428573
198400,04.04.1988,1.1964285714285714
198400,11.04.1988,0.8354285714285715
198400,18.04.1988,0.7415714285714285
198400,25.04.1988,0.6034285714285714
198400,02.05.1988,0.5901428571428572
198400,09.05.1988,0.5894285714285713
198400,16.05.1988,0.6117142857142855
198400,23.05.1988,0.6238571428571429
198400,30.05.1988,0.6177142857142857
198400,06.06.1988,1.1755714285714287
198400,13.06.1988,0.5662857142857144
198400,20.06.1988,0.513
198400,27.06.1988,0.8028571428571428
198400,04.07.1988,0.7595714285714286
198400,11.07.1988,0.49471428571428566
198400,18.07.1988,0.9418571428571428
198400,25.07.1988,1.9941428571428574
198400,01.08.1988,0.6335714285714287
198400,08.08.1988,0.4812857142857143
198400,15.08.1988,0.48400000000000004
198400,22.08.1988,0.432
198400,29.08.1988,0.5891428571428572
198400,05.09.1988,0.7461428571428572
198400,12.09.1988,0.4735714285714286
198400,19.09.1988,0.38485714285714284
198400,26.09.1988,0.36899999999999994
198400,03.10.1988,0.3824285714285714
198400,10.10.1988,0.42357142857142854
198400,17.10.1988,0.4191428571428571
198400,24.10.1988,0.4334285714285714
198400,31.10.1988,0.414
198400,07.11.1988,0.3885714285714286
198400,14.11.1988,0.46585714285714286
198400,21.11.1988,0.5285714285714286
198400,28.11.1988,0.6657142857142857
198400,05.12.1988,1.5771428571428572
198400,12.12.1988,0.8045714285714285
198400,19.12.1988,0.9398571428571428
198400,26.12.1988,0.8257142857142857
198400,02.01.1989,0.5367142857142857
198400,09.01.1989,0.5848571428571427
198400,16.01.1989,0.5144285714285715
198400,23.01.1989,0.48
198400,30.01.1989,0.4461428571428571
198400,06.02.1989,0.4498571428571428
198400,13.02.1989,0.48571428571428577
198400,20.02.1989,0.6105714285714284
198400,27.02.1989,0.8085714285714286
198400,06.03.1989,0.7947142857142857
198400,13.03.1989,1.01
198400,20.03.1989,0.6321428571428571
198400,27.03.1989,0.5662857142857142
198400,03.04.1989,0.4781428571428571
198400,10.04.1989,0.4975714285714285
198400,17.04.1989,0.501
198400,24.04.1989,0.6425714285714285
198400,01.05.1989,0.6697142857142858
198400,08.05.1989,0.5062857142857143
198400,15.05.1989,0.42442857142857143
198400,22.05.1989,0.3895714285714286
198400,29.05.1989,0.42442857142857143
198400,05.06.1989,0.4677142857142857
198400,12.06.1989,0.3401428571428572
198400,19.06.1989,0.41471428571428576
198400,26.06.1989,0.40542857142857136
198400,03.07.1989,0.4271428571428571
198400,10.07.1989,0.5205714285714286
198400,17.07.1989,0.36042857142857143
198400,24.07.1989,0.5168571428571428
198400,31.07.1989,0.35942857142857143
198400,07.08.1989,0.44214285714285717
198400,14.08.1989,0.3347142857142858
198400,21.08.1989,0.3008571428571428
198400,28.08.1989,0.3518571428571429
198400,04.09.1989,0.41257142857142864
198400,11.09.1989,0.37385714285714283
198400,18.09.1989,0.3410000000000001
198400,25.09.1989,0.3725714285714285
198400,02.10.1989,0.5034285714285714
198400,09.10.1989,0.48471428571428576
198400,16.10.1989,0.4605714285714286
198400,23.10.1989,0.4114285714285714
198400,30.10.1989,0.5342857142857144
198400,06.11.1989,0.804
198400,13.11.1989,0.4684285714285714
198400,20.11.1989,0.4665714285714286
198400,27.11.1989,0.3598571428571429
198400,04.12.1989,0.36642857142857144
198400,11.12.1989,0.5157142857142857
198400,18.12.1989,0.5494285714285715
198400,25.12.1989,0.4824285714285714
198400,01.01.1990,0.3797142857142857
198400,08.01.1990,0.4154285714285715
198400,15.01.1990,0.3472857142857143
198400,22.01.1990,0.3711428571428571
198400,29.01.1990,0.3995714285714285
198400,05.02.1990,0.335
198400,12.02.1990,0.4888571428571428
198400,19.02.1990,0.5194285714285715
198400,26.02.1990,0.7472857142857144
198400,05.03.1990,0.5558571428571428
198400,12.03.1990,0.46085714285714285
198400,19.03.1990,0.4858571428571428
198400,26.03.1990,0.4234285714285714
198400,02.04.1990,0.4331428571428571
198400,09.04.1990,0.42957142857142855
198400,16.04.1990,0.3642857142857143
198400,23.04.1990,0.9980000000000001
198400,30.04.1990,0.4967142857142857
198400,07.05.1990,0.3841428571428572
198400,14.05.1990,0.32371428571428573
198400,21.05.1990,0.2988571428571429
198400,28.05.1990,0.2845714285714286
198400,04.06.1990,0.2917142857142857
198400,11.06.1990,0.286
198400,18.06.1990,0.30914285714285716
198400,25.06.1990,0.2938571428571429
198400,02.07.1990,0.3565714285714286
198400,09.07.1990,0.277
198400,16.07.1990,0.29414285714285715
198400,23.07.1990,0.26042857142857145
198400,30.07.1990,0.11357142857142856
198400,06.08.1990,0.16885714285714284
198400,13.08.1990,0.1562857142857143
198400,20.08.1990,0.25500000000000006
198400,27.08.1990,0.20414285714285715
198400,03.09.1990,0.1122857142857143
198400,10.09.1990,0.13342857142857142
198400,17.09.1990,0.13171428571428573
198400,24.09.1990,0.15514285714285717
198400,01.10.1990,0.18957142857142859
198400,08.10.1990,0.1717142857142857
198400,15.10.1990,0.17914285714285713
198400,22.10.1990,0.16671428571428573
198400,29.10.1990,0.21228571428571433
198400,05.11.1990,0.19328571428571428
198400,12.11.1990,0.3218571428571428
198400,19.11.1990,0.4045714285714285
198400,26.11.1990,0.36957142857142855
198400,03.12.1990,0.32628571428571435
198400,10.12.1990,0.3072857142857143
198400,17.12.1990,0.291
198400,24.12.1990,0.334
198400,31.12.1990,0.3877142857142858
198400,07.01.1991,0.3578571428571428
198400,14.01.1991,0.27471428571428574
198400,21.01.1991,0.30957142857142855
198400,28.01.1991,0.36071428571428577
198400,04.02.1991,0.25700000000000006
198400,11.02.1991,0.25628571428571434
198400,18.02.1991,0.2572857142857143
198400,25.02.1991,0.29742857142857143
198400,04.03.1991,0.32500000000000007
198400,11.03.1991,0.29942857142857143
198400,18.03.1991,0.3901428571428571
198400,25.03.1991,0.33428571428571435
198400,01.04.1991,0.42857142857142855
198400,08.04.1991,0.4855714285714286
198400,15.04.1991,0.27685714285714286
198400,22.04.1991,0.2775714285714285
198400,29.04.1991,0.3362857142857143
198400,06.05.1991,0.33999999999999997
198400,13.05.1991,0.3202857142857143
198400,20.05.1991,0.2405714285714286
198400,27.05.1991,0.2708571428571428
198400,03.06.1991,0.3387142857142857
198400,10.06.1991,0.3024285714285715
198400,17.06.1991,0.47357142857142864
198400,24.06.1991,0.4438571428571429
198400,01.07.1991,0.22414285714285717
198400,08.07.1991,0.28514285714285714
198400,15.07.1991,0.2712857142857143
198400,22.07.1991,0.21471428571428572
198400,29.07.1991,0.28300000000000003
198400,05.08.1991,0.25871428571428573
198400,12.08.1991,0.185
198400,19.08.1991,0.17799999999999996
198400,26.08.1991,0.1562857142857143
198400,02.09.1991,0.12642857142857142
198400,09.09.1991,0.15314285714285716
198400,16.09.1991,0.166
198400,23.09.1991,0.16414285714285715
198400,30.09.1991,0.137
198400,07.10.1991,0.15857142857142859
198400,14.10.1991,0.191
198400,21.10.1991,0.17071428571428574
198400,28.10.1991,0.20685714285714285
198400,04.11.1991,0.3178571428571429
198400,11.11.1991,0.31885714285714284
198400,18.11.1991,0.4461428571428571
198400,25.11.1991,0.37457142857142856
198400,02.12.1991,0.31714285714285717
198400,09.12.1991,0.19814285714285715
198400,16.12.1991,0.41257142857142864
198400,23.12.1991,0.7110000000000001
198400,30.12.1991,0.4605714285714285
198400,06.01.1992,0.6311428571428571
198400,13.01.1992,0.43242857142857144
198400,20.01.1992,0.3468571428571429
198400,27.01.1992,0.29871428571428577
198400,03.02.1992,0.29157142857142865
198400,10.02.1992,0.31642857142857145
198400,17.02.1992,0.305
198400,24.02.1992,0.29471428571428565
198400,02.03.1992,0.2618571428571429
198400,09.03.1992,0.26485714285714285
198400,16.03.1992,0.27757142857142864
198400,23.03.1992,0.5084285714285713
198400,30.03.1992,0.5117142857142857
198400,06.04.1992,0.4352857142857142
198400,13.04.1992,0.3734285714285715
198400,20.04.1992,0.3445714285714286
198400,27.04.1992,0.3992857142857143
198400,04.05.1992,0.3631428571428571
198400,11.05.1992,0.3135714285714286
198400,18.05.1992,0.23685714285714288
198400,25.05.1992,0.20014285714285715
198400,01.06.1992,0.27871428571428575
198400,08.06.1992,0.32757142857142857
198400,15.06.1992,0.22228571428571428
198400,22.06.1992,0.23671428571428574
198400,29.06.1992,0.2305714285714286
198400,06.07.1992,0.3068571428571429
198400,13.07.1992,0.19357142857142853
198400,20.07.1992,0.09528571428571427
198400,27.07.1992,0.10557142857142858
198400,03.08.1992,0.146
198400,10.08.1992,0.09857142857142856
198400,17.08.1992,0.12757142857142859
198400,24.08.1992,0.08928571428571427
198400,31.08.1992,0.09042857142857141
198400,07.09.1992,0.08357142857142856
198400,14.09.1992,0.1127142857142857
198400,21.09.1992,0.114
198400,28.09.1992,0.10428571428571429
198400,05.10.1992,0.10899999999999999
198400,12.10.1992,0.11657142857142856
198400,19.10.1992,0.17071428571428574
198400,26.10.1992,0.18657142857142858
198400,02.11.1992,0.2245714285714286
198400,09.11.1992,0.23057142857142857
198400,16.11.1992,0.21485714285714286
198400,23.11.1992,0.24928571428571428
198400,30.11.1992,0.24285714285714288
198400,07.12.1992,0.2555714285714286
198400,14.12.1992,0.31157142857142855
198400,21.12.1992,0.305
198400,28.12.1992,0.27271428571428574
198400,04.01.1993,0.30614285714285716
198400,11.01.1993,0.253
198400,18.01.1993,0.23057142857142857
198400,25.01.1993,0.22657142857142856
198400,01.02.1993,0.2928571428571428
198400,08.02.1993,0.18842857142857145
198400,15.02.1993,0.232
198400,22.02.1993,0.31871428571428567
198400,01.03.1993,0.29128571428571426
198400,08.03.1993,0.5061428571428571
198400,15.03.1993,1.3624285714285715
198400,22.03.1993,0.509
198400,29.03.1993,0.2842857142857142
198400,05.04.1993,0.29314285714285715
198400,12.04.1993,0.2615714285714285
198400,19.04.1993,0.21657142857142858
198400,26.04.1993,0.15685714285714286
198400,03.05.1993,0.22142857142857145
198400,10.05.1993,0.21357142857142855
198400,17.05.1993,0.253
198400,24.05.1993,0.2107142857142857
198400,31.05.1993,0.15542857142857144
198400,07.06.1993,0.189
198400,14.06.1993,0.2505714285714286
198400,21.06.1993,0.296
198400,28.06.1993,0.20614285714285716
198400,05.07.1993,0.2705714285714286
198400,12.07.1993,0.4148571428571429
198400,19.07.1993,0.3894285714285715
198400,26.07.1993,0.2305714285714286
198400,02.08.1993,0.3092857142857143
198400,09.08.1993,0.17771428571428569
198400,16.08.1993,0.2174285714285714
198400,23.08.1993,0.3158571428571429
198400,30.08.1993,0.25585714285714284
198400,06.09.1993,0.3335714285714286
198400,13.09.1993,0.4161428571428571
198400,20.09.1993,0.4717142857142857
198400,27.09.1993,0.4007142857142857
198400,04.10.1993,0.28757142857142853
198400,11.10.1993,0.12728571428571428
198400,18.10.1993,0.21228571428571427
198400,25.10.1993,0.18385714285714289
198400,01.11.1993,0.10114285714285716
198400,08.11.1993,0.1412857142857143
198400,15.11.1993,0.2207142857142857
198400,22.11.1993,0.13457142857142856
198400,29.11.1993,0.25985714285714284
198400,06.12.1993,0.3525714285714286
198400,13.12.1993,0.4531428571428571
198400,20.12.1993,1.7435714285714285
198400,27.12.1993,0.6352857142857143
198400,03.01.1994,0.5885714285714286
198400,10.01.1994,0.4864285714285714
198400,17.01.1994,0.3668571428571429
198400,24.01.1994,0.4531428571428572
198400,31.01.1994,0.4391428571428571
198400,07.02.1994,0.4372857142857143
198400,14.02.1994,0.43014285714285716
198400,21.02.1994,0.38085714285714284
198400,28.02.1994,0.6904285714285715
198400,07.03.1994,0.6932857142857144
198400,14.03.1994,0.6524285714285715
198400,21.03.1994,0.6644285714285714
198400,28.03.1994,0.6047142857142858
198400,04.04.1994,0.45185714285714285
198400,11.04.1994,1.2550000000000001
198400,18.04.1994,2.0348571428571427
198400,25.04.1994,0.6358571428571429
198400,02.05.1994,0.4942857142857143
198400,09.05.1994,0.49814285714285716
198400,16.05.1994,0.5174285714285715
198400,23.05.1994,0.49314285714285716
198400,30.05.1994,0.4181428571428572
198400,06.06.1994,0.35357142857142854
198400,13.06.1994,0.32385714285714284
198400,20.06.1994,0.2515714285714286
198400,27.06.1994,0.20957142857142858
198400,04.07.1994,0.22514285714285714
198400,11.07.1994,0.21285714285714288
198400,18.07.1994,0.3131428571428571
198400,25.07.1994,0.1677142857142857
198400,01.08.1994,0.158
198400,08.08.1994,0.3244285714285714
198400,15.08.1994,0.2104285714285714
198400,22.08.1994,0.7044285714285714
198400,29.08.1994,0.5654285714285714
198400,05.09.1994,0.5827142857142856
198400,12.09.1994,0.5802857142857143
198400,19.09.1994,0.4192857142857143
198400,26.09.1994,0.4724285714285714
198400,03.10.1994,0.4961428571428571
198400,10.10.1994,0.4904285714285714
198400,17.10.1994,0.4940000000000001
198400,24.10.1994,0.4978571428571429
198400,31.10.1994,0.3925714285714286
198400,07.11.1994,0.39157142857142857
198400,14.11.1994,0.45942857142857146
198400,21.11.1994,0.39114285714285707
198400,28.11.1994,0.36257142857142854
198400,05.12.1994,0.36499999999999994
198400,12.12.1994,0.6907142857142857
198400,19.12.1994,0.4764285714285714
198400,26.12.1994,0.5680000000000001
198400,02.01.1995,0.7832857142857143
198400,09.01.1995,0.4438571428571429
198400,16.01.1995,0.35300000000000004
198400,23.01.1995,1.2298571428571432
198400,30.01.1995,1.1031428571428572
198400,06.02.1995,0.6978571428571428
198400,13.02.1995,0.6094285714285714
198400,20.02.1995,0.6698571428571428
198400,27.02.1995,0.7502857142857143
198400,06.03.1995,0.5488571428571428
198400,13.03.1995,0.5652857142857143
198400,20.03.1995,0.7215714285714286
198400,27.03.1995,0.7065714285714285
198400,03.04.1995,0.9292857142857143
198400,10.04.1995,1.0664285714285715
198400,17.04.1995,1.5928571428571427
198400,24.04.1995,0.9324285714285715
198400,01.05.1995,0.7515714285714286
198400,08.05.1995,1.8207142857142855
198400,15.05.1995,1.4684285714285716
198400,22.05.1995,0.6234285714285714
198400,29.05.1995,3.6845714285714286
198400,05.06.1995,3.0542857142857143
198400,12.06.1995,4.587142857142857
198400,19.06.1995,2.585714285714286
198400,26.06.1995,11.208571428571428
198400,03.07.1995,0.9730000000000001
198400,10.07.1995,0.5848571428571429
198400,17.07.1995,0.6521428571428572
198400,24.07.1995,0.7375714285714287
198400,31.07.1995,0.6082857142857143
198400,07.08.1995,0.3994285714285714
198400,14.08.1995,0.4361428571428571
198400,21.08.1995,0.415
198400,28.08.1995,1.349
198400,04.09.1995,1.2075714285714285
198400,11.09.1995,0.6310000000000001
198400,18.09.1995,0.6734285714285714
198400,25.09.1995,0.6487142857142858
198400,02.10.1995,0.5605714285714286
198400,09.10.1995,0.487
198400,16.10.1995,0.5448571428571428
198400,23.10.1995,0.673
198400,30.10.1995,0.6798571428571429
198400,06.11.1995,0.881
198400,13.11.1995,0.6987142857142857
198400,20.11.1995,0.6415714285714286
198400,27.11.1995,0.6001428571428572
198400,04.12.1995,0.46799999999999997
198400,11.12.1995,0.3737142857142857
198400,18.12.1995,0.884
198400,25.12.1995,1.4467142857142856
198400,01.01.1996,0.6548571428571428
198400,08.01.1996,0.5727142857142857
198400,15.01.1996,0.4717142857142857
198400,22.01.1996,0.5099999999999999
198400,29.01.1996,0.4184285714285715
198400,05.02.1996,0.3701428571428571
198400,12.02.1996,0.5005714285714287
198400,19.02.1996,0.7767142857142858
198400,26.02.1996,0.6042857142857143
198400,04.03.1996,0.6415714285714286
198400,11.03.1996,0.6515714285714286
198400,18.03.1996,1.6885714285714288
198400,25.03.1996,1.3362857142857145
198400,01.04.1996,1.0545714285714285
198400,08.04.1996,1.0444285714285715
198400,15.04.1996,0.7395714285714287
198400,22.04.1996,0.5652857142857143
198400,29.04.1996,0.6757142857142858
198400,06.05.1996,1.0585714285714285
198400,13.05.1996,0.9498571428571428
198400,20.05.1996,0.8585714285714285
198400,27.05.1996,0.6091428571428572
198400,03.06.1996,0.3868571428571429
198400,10.06.1996,0.3097142857142857
198400,17.06.1996,0.3455714285714286
198400,24.06.1996,0.5764285714285714
198400,01.07.1996,0.5522857142857143
198400,08.07.1996,2.075142857142857
198400,15.07.1996,0.899
198400,22.07.1996,0.39585714285714285
198400,29.07.1996,0.37771428571428567
198400,05.08.1996,0.34285714285714286
198400,12.08.1996,0.549
198400,19.08.1996,0.34371428571428575
198400,26.08.1996,0.4867142857142857
198400,02.09.1996,0.49300000000000005
198400,09.09.1996,0.6082857142857143
198400,16.09.1996,0.753142857142857
198400,23.09.1996,0.6772857142857143
198400,30.09.1996,0.6079999999999999
198400,07.10.1996,0.39971428571428574
198400,14.10.1996,0.6097142857142857
198400,21.10.1996,0.7381428571428571
198400,28.10.1996,0.642
198400,04.11.1996,0.6221428571428572
198400,11.11.1996,0.6364285714285715
198400,18.11.1996,0.6267142857142857
198400,25.11.1996,0.5247142857142857
198400,02.12.1996,0.5921428571428571
198400,09.12.1996,0.5772857142857142
198400,16.12.1996,0.6735714285714286
198400,23.12.1996,0.469
198400,30.12.1996,0.3454285714285713
198400,06.01.1997,0.33999999999999997
198400,13.01.1997,0.33999999999999997
198400,20.01.1997,0.3807142857142857
198400,27.01.1997,0.31585714285714284
198400,03.02.1997,0.3492857142857143
198400,10.02.1997,1.7175714285714283
198400,17.02.1997,1.2985714285714285
198400,24.02.1997,1.1814285714285713
198400,03.03.1997,0.8455714285714286
198400,10.03.1997,0.6638571428571429
198400,17.03.1997,1.0052857142857143
198400,24.03.1997,0.9957142857142857
198400,31.03.1997,0.9095714285714286
198400,07.04.1997,0.7528571428571428
198400,14.04.1997,0.6810000000000002
198400,21.04.1997,0.5627142857142856
198400,28.04.1997,0.6095714285714287
198400,05.05.1997,0.49785714285714283
198400,12.05.1997,0.4765714285714286
198400,19.05.1997,0.3567142857142857
198400,26.05.1997,0.2422857142857143
198400,02.06.1997,0.3372857142857143
198400,09.06.1997,0.39714285714285713
198400,16.06.1997,0.4135714285714286
198400,23.06.1997,0.5128571428571428
198400,30.06.1997,0.8385714285714284
198400,07.07.1997,0.5437142857142857
198400,14.07.1997,0.551
198400,21.07.1997,1.1338571428571427
198400,28.07.1997,0.4668571428571428
198400,04.08.1997,0.5041428571428571
198400,11.08.1997,0.33414285714285713
198400,18.08.1997,0.24742857142857141
198400,25.08.1997,0.2488571428571429
198400,01.09.1997,0.36357142857142855
198400,08.09.1997,0.27085714285714285
198400,15.09.1997,0.212
198400,22.09.1997,0.20228571428571432
198400,29.09.1997,0.2982857142857143
198400,06.10.1997,0.44957142857142857
198400,13.10.1997,0.3757142857142857
198400,20.10.1997,0.19857142857142854
198400,27.10.1997,0.17385714285714288
198400,03.11.1997,0.24314285714285716
198400,10.11.1997,0.2577142857142857
198400,17.11.1997,0.2878571428571428
198400,24.11.1997,0.3141428571428571
198400,01.12.1997,0.5207142857142857
198400,08.12.1997,0.6388571428571428
198400,15.12.1997,0.5322857142857143
198400,22.12.1997,0.5048571428571428
198400,29.12.1997,0.44328571428571434
198400,05.01.1998,0.3934285714285714
198400,12.01.1998,0.34414285714285714
198400,19.01.1998,0.317
198400,26.01.1998,0.29771428571428565
198400,02.02.1998,0.24500000000000002
198400,09.02.1998,0.2352857142857143
198400,16.02.1998,0.24399999999999997
198400,23.02.1998,0.3971428571428572
198400,02.03.1998,0.6571428571428571
198400,09.03.1998,0.5088571428571429
198400,16.03.1998,0.5039999999999999
198400,23.03.1998,0.3842857142857143
198400,30.03.1998,0.32857142857142857
198400,06.04.1998,0.26942857142857146
198400,13.04.1998,0.2694285714285714
198400,20.04.1998,0.279
198400,27.04.1998,0.22657142857142856
198400,04.05.1998,0.2307142857142857
198400,11.05.1998,0.17671428571428574
198400,18.05.1998,0.18814285714285714
198400,25.05.1998,0.2542857142857143
198400,01.06.1998,0.28071428571428575
198400,08.06.1998,0.47685714285714287
198400,15.06.1998,0.4098571428571428
198400,22.06.1998,0.44928571428571423
198400,29.06.1998,0.36942857142857133
198400,06.07.1998,0.37842857142857145
198400,13.07.1998,0.22842857142857143
198400,20.07.1998,0.20985714285714283
198400,27.07.1998,0.2844285714285714
198400,03.08.1998,0.23014285714285718
198400,10.08.1998,0.13228571428571428
198400,17.08.1998,0.13085714285714287
198400,24.08.1998,0.123
198400,31.08.1998,0.14528571428571427
198400,07.09.1998,0.16557142857142856
198400,14.09.1998,0.42300000000000004
198400,21.09.1998,0.23128571428571432
198400,28.09.1998,0.3092857142857143
198400,05.10.1998,0.6264285714285714
198400,12.10.1998,0.7140000000000001
198400,19.10.1998,0.4855714285714286
198400,26.10.1998,1.4052857142857145
198400,02.11.1998,1.3442857142857143
198400,09.11.1998,1.26
198400,16.11.1998,1.337142857142857
198400,23.11.1998,0.9471428571428572
198400,30.11.1998,0.6201428571428573
198400,07.12.1998,0.7667142857142857
198400,14.12.1998,0.7468571428571428
198400,21.12.1998,0.5654285714285715
198400,28.12.1998,0.5211428571428571
198400,04.01.1999,0.6304285714285714
198400,11.01.1999,0.8158571428571427
198400,18.01.1999,0.6307142857142856
198400,25.01.1999,0.4928571428571429
198400,01.02.1999,0.5341428571428571
198400,08.02.1999,0.5937142857142856
198400,15.02.1999,1.2182857142857144
198400,22.02.1999,1.9442857142857144
198400,01.03.1999,2.6957142857142857
198400,08.03.1999,1.6457142857142857
198400,15.03.1999,0.9734285714285714
198400,22.03.1999,0.7050000000000001
198400,29.03.1999,0.6325714285714286
198400,05.04.1999,0.626
198400,12.04.1999,0.557
198400,19.04.1999,0.5271428571428572
198400,26.04.1999,0.5364285714285715
198400,03.05.1999,0.46714285714285714
198400,10.05.1999,0.4391428571428571
198400,17.05.1999,0.43842857142857145
198400,24.05.1999,0.3425714285714286
198400,31.05.1999,0.26071428571428573
198400,07.06.1999,0.24585714285714286
198400,14.06.1999,0.2735714285714286
198400,21.06.1999,0.2367142857142857
198400,28.06.1999,0.18528571428571428
198400,05.07.1999,0.23914285714285713
198400,12.07.1999,0.23828571428571424
198400,19.07.1999,0.17614285714285716
198400,26.07.1999,0.35671428571428576
198400,02.08.1999,0.5422857142857144
198400,09.08.1999,0.5161428571428571
198400,16.08.1999,0.505
198400,23.08.1999,0.5638571428571428
198400,30.08.1999,0.6405714285714286
198400,06.09.1999,0.20985714285714288
198400,13.09.1999,0.20985714285714283
198400,20.09.1999,0.08385714285714285
198400,27.09.1999,0.068
198400,04.10.1999,0.06457142857142857
198400,11.10.1999,0.06328571428571429
198400,18.10.1999,0.065
198400,25.10.1999,0.10085714285714285
198400,01.11.1999,0.10557142857142857
198400,08.11.1999,0.31599999999999995
198400,15.11.1999,0.32557142857142857
198400,22.11.1999,0.2077142857142857
198400,29.11.1999,0.22914285714285715
198400,06.12.1999,0.2852857142857143
198400,13.12.1999,0.3121428571428571
198400,20.12.1999,0.2762857142857143
198400,27.12.1999,0.3361428571428572
198400,03.01.2000,0.3291428571428572
198400,10.01.2000,0.35628571428571426
198400,17.01.2000,0.3608571428571428
198400,24.01.2000,0.6042857142857142
198400,31.01.2000,0.8228571428571428
198400,07.02.2000,0.4875714285714286
198400,14.02.2000,0.43757142857142856
198400,21.02.2000,0.46985714285714286
198400,28.02.2000,0.5255714285714286
198400,06.03.2000,1.332
198400,13.03.2000,1.8228571428571427
198400,20.03.2000,1.3992857142857142
198400,27.03.2000,5.340000000000001
198400,03.04.2000,1.5271428571428571
198400,10.04.2000,0.8927142857142857
198400,17.04.2000,0.6001428571428571
198400,24.04.2000,0.5062857142857143
198400,01.05.2000,0.546
198400,08.05.2000,0.4754285714285714
198400,15.05.2000,0.6544285714285715
198400,22.05.2000,0.3157142857142857
198400,29.05.2000,0.24900000000000003
198400,05.06.2000,0.28671428571428564
198400,12.06.2000,0.17828571428571424
198400,19.06.2000,0.19771428571428573
198400,26.06.2000,0.21100000000000002
198400,03.07.2000,0.2057142857142857
198400,10.07.2000,0.21385714285714288
198400,17.07.2000,0.2065714285714286
198400,24.07.2000,0.21700000000000003
198400,31.07.2000,0.29128571428571426
198400,07.08.2000,0.3098571428571429
198400,14.08.2000,0.12185714285714286
198400,21.08.2000,0.11914285714285713
198400,28.08.2000,0.15457142857142858
198400,04.09.2000,0.20900000000000002
198400,11.09.2000,0.1605714285714286
198400,18.09.2000,0.1737142857142857
198400,25.09.2000,0.23814285714285713
198400,02.10.2000,0.3884285714285714
198400,09.10.2000,0.5471428571428572
198400,16.10.2000,0.5045714285714286
198400,23.10.2000,0.34285714285714286
198400,30.10.2000,0.3308571428571429
198400,06.11.2000,0.24542857142857147
198400,13.11.2000,0.23900000000000002
198400,20.11.2000,0.4035714285714285
198400,27.11.2000,0.4064285714285714
198400,04.12.2000,0.36057142857142865
198400,11.12.2000,0.232
198400,18.12.2000,0.2247142857142857
198400,25.12.2000,0.22
198400,01.01.2001,0.4314285714285714
198400,08.01.2001,0.5062857142857143
198400,15.01.2001,0.37814285714285717
198400,22.01.2001,0.3547142857142857
198400,29.01.2001,0.43357142857142855
198400,05.02.2001,0.9982857142857143
198400,12.02.2001,0.5147142857142858
198400,19.02.2001,0.3991428571428572
198400,26.02.2001,0.413
198400,05.03.2001,0.35485714285714287
198400,12.03.2001,0.7060000000000001
198400,19.03.2001,1.510857142857143
198400,26.03.2001,1.1747142857142858
198400,02.04.2001,1.1931428571428573
198400,09.04.2001,1.3885714285714286
198400,16.04.2001,1.0044285714285714
198400,23.04.2001,0.8112857142857142
198400,30.04.2001,0.8597142857142857
198400,07.05.2001,0.8051428571428572
198400,14.05.2001,0.6247142857142858
198400,21.05.2001,0.46085714285714285
198400,28.05.2001,0.3982857142857142
198400,04.06.2001,0.3567142857142857
198400,11.06.2001,0.3845714285714286
198400,18.06.2001,0.316
198400,25.06.2001,0.25985714285714284
198400,02.07.2001,0.6408571428571429
198400,09.07.2001,0.3587142857142857
198400,16.07.2001,0.6172857142857142
198400,23.07.2001,0.3241428571428572
198400,30.07.2001,0.28014285714285714
198400,06.08.2001,0.30799999999999994
198400,13.08.2001,0.6934285714285714
198400,20.08.2001,0.5064285714285715
198400,27.08.2001,0.7044285714285714
198400,03.09.2001,1.153857142857143
198400,10.09.2001,0.7844285714285714
198400,17.09.2001,0.9420000000000001
198400,24.09.2001,0.7612857142857143
198400,01.10.2001,0.6672857142857144
198400,08.10.2001,0.9128571428571429
198400,15.10.2001,0.8394285714285715
198400,22.10.2001,0.5342857142857144
198400,29.10.2001,0.5667142857142857
198400,05.11.2001,0.5872857142857143
198400,12.11.2001,0.5842857142857143
198400,19.11.2001,0.7180000000000001
198400,26.11.2001,0.7802857142857142
198400,03.12.2001,0.5698571428571428
198400,10.12.2001,1.0157142857142856
198400,17.12.2001,0.9249999999999999
198400,24.12.2001,1.1542857142857144
198400,31.12.2001,1.0624285714285713
198400,07.01.2002,0.8690000000000001
198400,14.01.2002,0.6002857142857143
198400,21.01.2002,0.4997142857142857
198400,28.01.2002,1.966
198400,04.02.2002,1.06
198400,11.02.2002,2.455714285714286
198400,18.02.2002,1.3557142857142854
198400,25.02.2002,1.6657142857142857
198400,04.03.2002,1.1780000000000002
198400,11.03.2002,0.9377142857142857
198400,18.03.2002,1.276
198400,25.03.2002,1.136
198400,01.04.2002,0.8514285714285715
198400,08.04.2002,0.7579999999999999
198400,15.04.2002,0.865
198400,22.04.2002,0.7938571428571429
198400,29.04.2002,0.9635714285714286
198400,06.05.2002,0.8938571428571429
198400,13.05.2002,0.7527142857142858
198400,20.05.2002,0.5708571428571428
198400,27.05.2002,0.6672857142857141
198400,03.06.2002,0.7262857142857142
198400,10.06.2002,0.7352857142857143
198400,17.06.2002,0.7917142857142857
198400,24.06.2002,1.0492857142857142
198400,01.07.2002,0.45614285714285707
198400,08.07.2002,0.4595714285714286
198400,15.07.2002,0.7248571428571428
198400,22.07.2002,0.6971428571428572
198400,29.07.2002,0.445
198400,05.08.2002,1.0862857142857143
198400,12.08.2002,5.70142857142857
198400,19.08.2002,1.197714285714286
198400,26.08.2002,0.8680000000000001
198400,02.09.2002,0.7757142857142858
198400,09.09.2002,0.7587142857142857
198400,16.09.2002,0.7274285714285714
198400,23.09.2002,0.8067142857142857
198400,30.09.2002,0.7135714285714286
198400,07.10.2002,0.6944285714285714
198400,14.10.2002,0.8327142857142855
198400,21.10.2002,0.9080000000000001
198400,28.10.2002,0.9874285714285714
198400,04.11.2002,1.3181428571428568
198400,11.11.2002,1.354285714285714
198400,18.11.2002,2.084285714285714
198400,25.11.2002,3.025714285714286
198400,02.12.2002,1.6442857142857144
198400,09.12.2002,0.9347142857142858
198400,16.12.2002,1.0301428571428572
198400,23.12.2002,1.4081428571428571
198400,30.12.2002,6.091428571428572
198400,06.01.2003,2.18
198400,13.01.2003,1.5242857142857145
198400,20.01.2003,1.2128571428571429
198400,27.01.2003,1.3294285714285716
198400,03.02.2003,1.1211428571428572
198400,10.02.2003,0.8485714285714285
198400,17.02.2003,0.7902857142857143
198400,24.02.2003,0.8819999999999999
198400,03.03.2003,1.122857142857143
198400,10.03.2003,1.5242857142857142
198400,17.03.2003,0.9952857142857142
198400,24.03.2003,0.7577142857142858
198400,31.03.2003,0.7964285714285715
198400,07.04.2003,0.6844285714285715
198400,14.04.2003,0.7070000000000001
198400,21.04.2003,0.6100000000000001
198400,28.04.2003,0.5315714285714287
198400,05.05.2003,0.7601428571428572
198400,12.05.2003,0.7222857142857142
198400,19.05.2003,0.7277142857142856
198400,26.05.2003,0.5088571428571428
198400,02.06.2003,0.4071428571428572
198400,09.06.2003,0.338
198400,16.06.2003,0.3405714285714286
198400,23.06.2003,0.25457142857142856
198400,30.06.2003,0.3498571428571428
198400,07.07.2003,0.2601428571428571
198400,14.07.2003,0.2694285714285714
198400,21.07.2003,0.43042857142857144
198400,28.07.2003,0.48114285714285715
198400,04.08.2003,0.3022857142857143
198400,11.08.2003,0.22057142857142856
198400,18.08.2003,0.211
198400,25.08.2003,0.17042857142857143
198400,01.09.2003,0.19828571428571426
198400,08.09.2003,0.1957142857142857
198400,15.09.2003,0.21871428571428572
198400,22.09.2003,0.2505714285714286
198400,29.09.2003,0.341
198400,06.10.2003,0.41485714285714287
198400,13.10.2003,0.4715714285714286
198400,20.10.2003,0.33942857142857147
198400,27.10.2003,0.3892857142857143
198400,03.11.2003,0.4858571428571428
198400,10.11.2003,0.4602857142857143
198400,17.11.2003,0.4605714285714286
198400,24.11.2003,0.47157142857142853
198400,01.12.2003,0.49914285714285717
198400,08.12.2003,0.5497142857142858
198400,15.12.2003,0.5439999999999999
198400,22.12.2003,0.516
198400,29.12.2003,0.3861428571428572
198400,05.01.2004,0.39300000000000007
198400,12.01.2004,0.7105714285714286
198400,19.01.2004,0.5667142857142857
198400,26.01.2004,0.37000000000000005
198400,02.02.2004,0.9221428571428572
198400,09.02.2004,0.4374285714285714
198400,16.02.2004,0.35185714285714287
198400,23.02.2004,0.26557142857142857
198400,01.03.2004,0.2762857142857143
198400,08.03.2004,0.29000000000000004
198400,15.03.2004,0.37942857142857145
198400,22.03.2004,1.0375714285714286
198400,29.03.2004,0.5095714285714286
198400,05.04.2004,0.3777142857142857
198400,12.04.2004,0.2892857142857143
198400,19.04.2004,0.2517142857142857
198400,26.04.2004,0.24314285714285713
198400,03.05.2004,0.3071428571428571
198400,10.05.2004,0.7322857142857143
198400,17.05.2004,0.42285714285714293
198400,24.05.2004,0.24971428571428575
198400,31.05.2004,0.5288571428571428
198400,07.06.2004,0.48128571428571426
198400,14.06.2004,0.3787142857142857
198400,21.06.2004,0.26471428571428574
198400,28.06.2004,0.2052857142857143
198400,05.07.2004,0.26157142857142857
198400,12.07.2004,0.2452857142857143
198400,19.07.2004,0.141
198400,26.07.2004,0.13214285714285715
198400,02.08.2004,0.12257142857142857
198400,09.08.2004,0.10102857142857144
198400,16.08.2004,0.1023142857142857
198400,23.08.2004,0.1142857142857143
198400,30.08.2004,0.11715714285714286
198400,06.09.2004,0.09369999999999999
198400,13.09.2004,0.0888
198400,20.09.2004,0.08761428571428571
198400,27.09.2004,0.13571428571428573
198400,04.10.2004,0.22971428571428573
198400,11.10.2004,0.298
198400,18.10.2004,0.3362857142857143
198400,25.10.2004,0.3375714285714286
198400,01.11.2004,0.3394285714285714
198400,08.11.2004,0.5177142857142857
198400,15.11.2004,0.4577142857142857
198400,22.11.2004,0.4122857142857143
198400,29.11.2004,0.38114285714285717
198400,06.12.2004,0.32885714285714285
198400,13.12.2004,0.26985714285714285
198400,20.12.2004,0.32957142857142857
198400,27.12.2004,0.3432857142857143
198400,03.01.2005,0.29957142857142854
198400,10.01.2005,0.2278571428571429
198400,17.01.2005,0.5501428571428572
198400,24.01.2005,0.43842857142857145
198400,31.01.2005,0.45028571428571423
198400,07.02.2005,1.2175714285714285
198400,14.02.2005,2.5228571428571427
198400,21.02.2005,0.48200000000000004
198400,28.02.2005,0.34685714285714286
198400,07.03.2005,0.5264285714285715
198400,14.03.2005,3.364142857142857
198400,21.03.2005,1.6342857142857141
198400,28.03.2005,0.8505714285714286
198400,04.04.2005,0.6492857142857144
198400,11.04.2005,0.5504285714285714
198400,18.04.2005,0.4005714285714285
198400,25.04.2005,0.35028571428571426
198400,02.05.2005,0.49000000000000005
198400,09.05.2005,0.419
198400,16.05.2005,0.5448571428571428
198400,23.05.2005,1.0162857142857142
198400,30.05.2005,0.434
198400,06.06.2005,0.6857142857142858
198400,13.06.2005,0.4218571428571429
198400,20.06.2005,0.17185714285714287
198400,27.06.2005,0.25771428571428573
198400,04.07.2005,0.8430000000000001
198400,11.07.2005,0.4714285714285715
198400,18.07.2005,0.28557142857142853
198400,25.07.2005,0.4468571428571428
198400,01.08.2005,0.3924285714285714
198400,08.08.2005,1.0765714285714285
198400,15.08.2005,0.7121428571428571
198400,22.08.2005,0.07777142857142857
198400,29.08.2005,0.127
198400,05.09.2005,0.14671428571428574
198400,12.09.2005,0.167
198400,19.09.2005,0.15485714285714286
198400,26.09.2005,0.21357142857142858
198400,03.10.2005,0.27399999999999997
198400,10.10.2005,0.29842857142857143
198400,17.10.2005,0.31057142857142855
198400,24.10.2005,0.26371428571428573
198400,31.10.2005,0.3022857142857143
198400,07.11.2005,0.2681428571428571
198400,14.11.2005,0.30142857142857143
198400,21.11.2005,0.22228571428571428
198400,28.11.2005,0.21628571428571433
198400,05.12.2005,0.21900000000000003
198400,12.12.2005,0.21900000000000003
198400,19.12.2005,0.21514285714285716
198400,26.12.2005,0.21214285714285716
198400,02.01.2006,0.18685714285714286
198400,09.01.2006,0.17528571428571427
198400,16.01.2006,0.20114285714285715
198400,23.01.2006,0.11794285714285715
198400,30.01.2006,0.16542857142857145
198400,06.02.2006,0.22242857142857142
198400,13.02.2006,1.6682857142857144
198400,20.02.2006,0.7762857142857145
198400,27.02.2006,0.1444142857142857
198400,06.03.2006,0.19715714285714286
198400,13.03.2006,0.30414285714285716
198400,20.03.2006,1.2257142857142858
198400,27.03.2006,2.357142857142857
198400,03.04.2006,1.304
198400,10.04.2006,0.7922857142857144
198400,17.04.2006,0.737
198400,24.04.2006,0.8515714285714286
198400,01.05.2006,0.5662857142857142
198400,08.05.2006,0.42857142857142855
198400,15.05.2006,0.5164285714285715
198400,22.05.2006,0.7678571428571429
198400,29.05.2006,0.7842857142857144
198400,05.06.2006,0.3191428571428571
198400,12.06.2006,0.17214285714285715
198400,19.06.2006,0.17300000000000001
198400,26.06.2006,0.24557142857142858
198400,03.07.2006,0.19985714285714287
198400,10.07.2006,0.17285714285714285
198400,17.07.2006,0.15657142857142858
198400,24.07.2006,0.14942857142857144
198400,31.07.2006,0.2292857142857143
198400,07.08.2006,0.23885714285714285
198400,14.08.2006,0.186
198400,21.08.2006,0.2165714285714286
198400,28.08.2006,0.22814285714285715
198400,04.09.2006,0.15271428571428572
198400,11.09.2006,0.15414285714285716
198400,18.09.2006,0.14500000000000002
198400,25.09.2006,0.18985714285714286
198400,02.10.2006,0.154
198400,09.10.2006,0.2037142857142857
198400,16.10.2006,0.16971428571428568
198400,23.10.2006,0.15328571428571428
198400,30.10.2006,0.15685714285714286
198400,06.11.2006,0.19742857142857145
198400,13.11.2006,0.1447142857142857
198400,20.11.2006,0.13228571428571428
198400,27.11.2006,0.1552857142857143
198400,04.12.2006,0.1882857142857143
198400,11.12.2006,0.20900000000000002
198400,18.12.2006,0.1717142857142857
198400,25.12.2006,0.15457142857142858
198400,01.01.2007,0.15771428571428572
198400,08.01.2007,0.21714285714285714
198400,15.01.2007,0.12492857142857143
198400,22.01.2007,0.1482857142857143
198400,29.01.2007,0.6842857142857143
198400,05.02.2007,0.5125714285714286
198400,12.02.2007,0.4392857142857142
198400,19.02.2007,0.3565714285714285
198400,26.02.2007,0.26699999999999996
198400,05.03.2007,0.19042857142857142
198400,12.03.2007,0.171
198400,19.03.2007,0.202
198400,26.03.2007,0.23
198400,02.04.2007,0.2052857142857143
198400,09.04.2007,0.19042857142857142
198400,16.04.2007,0.1734285714285714
198400,23.04.2007,0.1502857142857143
198400,30.04.2007,0.14714285714285716
198400,07.05.2007,0.16628571428571423
198400,14.05.2007,0.18957142857142856
198400,21.05.2007,0.14557142857142855
198400,28.05.2007,0.14757142857142855
198400,04.06.2007,0.13342857142857142
198400,11.06.2007,0.11857142857142856
198400,18.06.2007,0.14082857142857144
198400,25.06.2007,0.164
198400,02.07.2007,0.13314285714285715
198400,09.07.2007,0.1955714285714286
198400,16.07.2007,0.19728571428571426
198400,23.07.2007,0.11675714285714286
198400,30.07.2007,0.10140000000000002
198400,06.08.2007,0.19177142857142856
198400,13.08.2007,0.15014285714285716
198400,20.08.2007,0.14242857142857143
198400,27.08.2007,0.10297142857142856
198400,03.09.2007,0.07438571428571428
198400,10.09.2007,0.07975714285714286
198400,17.09.2007,0.13234285714285715
198400,24.09.2007,0.197
198400,01.10.2007,0.19785714285714281
198400,08.10.2007,0.16599999999999998
198400,15.10.2007,0.14985714285714286
198400,22.10.2007,0.17114285714285712
198400,29.10.2007,0.15357142857142855
198400,05.11.2007,0.24014285714285716
198400,12.11.2007,0.5221428571428571
198400,19.11.2007,0.3055714285714286
198400,26.11.2007,0.28985714285714287
198400,03.12.2007,0.3114285714285714
198400,10.12.2007,0.308
198400,17.12.2007,0.23371428571428574
198400,24.12.2007,0.1922857142857143
198400,31.12.2007,0.12644285714285713
198400,07.01.2008,0.2452857142857143
198400,14.01.2008,0.3412857142857143
198400,21.01.2008,0.4681428571428571
198400,28.01.2008,0.31314285714285717
198400,04.02.2008,0.26285714285714284
198400,11.02.2008,0.25857142857142856
198400,18.02.2008,0.2804285714285714
198400,25.02.2008,0.3725714285714285
198400,03.03.2008,0.5181428571428571
198400,10.03.2008,0.3044285714285714
198400,17.03.2008,0.30842857142857144
198400,24.03.2008,0.23957142857142857
198400,31.03.2008,0.2812857142857143
198400,07.04.2008,0.4104285714285714
198400,14.04.2008,0.30028571428571427
198400,21.04.2008,0.3258571428571428
198400,28.04.2008,0.3352857142857143
198400,05.05.2008,0.26899999999999996
198400,12.05.2008,0.34471428571428575
198400,19.05.2008,0.6417142857142856
198400,26.05.2008,0.1927142857142857
198400,02.06.2008,0.634
198400,09.06.2008,0.19814285714285715
198400,16.06.2008,0.13777142857142857
198400,23.06.2008,0.1316142857142857
198400,30.06.2008,0.0764142857142857
198400,07.07.2008,0.12795714285714285
198400,14.07.2008,0.1210142857142857
198400,21.07.2008,0.09419999999999999
198400,28.07.2008,0.0569
198400,04.08.2008,0.03898571428571428
198400,11.08.2008,0.11748571428571429
198400,18.08.2008,0.10867142857142857
198400,25.08.2008,0.06061428571428572
198400,01.09.2008,0.04567142857142858
198400,08.09.2008,0.041285714285714294
198400,15.09.2008,0.05967142857142858
198400,22.09.2008,0.05671428571428572
198400,29.09.2008,0.061085714285714285
198400,06.10.2008,0.1135142857142857
198400,13.10.2008,0.21098571428571428
198400,20.10.2008,0.24785714285714283
198400,27.10.2008,0.43528571428571433
198400,03.11.2008,0.28099999999999997
198400,10.11.2008,0.22571428571428573
198400,17.11.2008,0.25742857142857145
198400,24.11.2008,0.19942857142857146
198400,01.12.2008,0.13499999999999998
198400,08.12.2008,0.22057142857142858
198400,15.12.2008,0.40371428571428575
198400,22.12.2008,0.32957142857142857
198400,29.12.2008,0.217
198400,05.01.2009,0.14942857142857144
198400,12.01.2009,0.1412857142857143
198400,19.01.2009,0.1582857142857143
198400,26.01.2009,0.148
198400,02.02.2009,0.123
198400,09.02.2009,0.20228571428571432
198400,16.02.2009,0.163
198400,23.02.2009,1.2402857142857144
198400,02.03.2009,1.3657142857142859
198400,09.03.2009,1.0942857142857143
198400,16.03.2009,0.9228571428571428
198400,23.03.2009,0.6475714285714286
198400,30.03.2009,0.46514285714285714
198400,06.04.2009,0.35100000000000003
198400,13.04.2009,0.303
198400,20.04.2009,0.21671428571428572
198400,27.04.2009,0.20700000000000002
198400,04.05.2009,0.1992857142857143
198400,11.05.2009,0.3495714285714286
198400,18.05.2009,0.302
198400,25.05.2009,0.4074285714285715
198400,01.06.2009,0.24871428571428572
198400,08.06.2009,0.222
198400,15.06.2009,0.17442857142857143
198400,22.06.2009,0.31042857142857144
198400,29.06.2009,0.2845714285714286
198400,06.07.2009,0.1522857142857143
198400,13.07.2009,0.31542857142857145
198400,20.07.2009,0.2487142857142857
198400,27.07.2009,0.08912857142857143
198400,03.08.2009,0.15498571428571428
198400,10.08.2009,0.04698571428571428
198400,17.08.2009,0.03681428571428571
198400,24.08.2009,0.021242857142857143
198400,31.08.2009,0.036628571428571434
198400,07.09.2009,0.04822857142857143
198400,14.09.2009,0.04492857142857143
198400,21.09.2009,0.04635714285714286
198400,28.09.2009,0.06452857142857142
198400,05.10.2009,0.22485714285714284
198400,12.10.2009,0.11840000000000003
198400,19.10.2009,0.09368571428571427
198400,26.10.2009,0.161
198400,02.11.2009,0.3201428571428572
198400,09.11.2009,0.2387142857142857
198400,16.11.2009,0.16114285714285717
198400,23.11.2009,0.18114285714285713
198400,30.11.2009,0.28157142857142853
198400,07.12.2009,0.5091428571428571
198400,14.12.2009,0.29942857142857143
198400,21.12.2009,0.25057142857142856
198400,28.12.2009,0.52
198400,04.01.2010,0.5097142857142857
198400,11.01.2010,0.37757142857142856
198400,18.01.2010,0.3268571428571429
198400,25.01.2010,0.3092857142857143
198400,01.02.2010,0.2715714285714286
198400,08.02.2010,0.216
198400,15.02.2010,0.18114285714285713
198400,22.02.2010,1.5734285714285714
198400,01.03.2010,2.2714285714285714
198400,08.03.2010,0.9028571428571429
198400,15.03.2010,0.957
198400,22.03.2010,0.830857142857143
198400,29.03.2010,0.6328571428571429
198400,05.04.2010,0.42271428571428565
198400,12.04.2010,1.2272857142857145
198400,19.04.2010,0.47400000000000003
198400,26.04.2010,0.43928571428571433
198400,03.05.2010,0.5888571428571429
198400,10.05.2010,0.756
198400,17.05.2010,0.5379999999999999
198400,24.05.2010,0.6225714285714286
198400,31.05.2010,1.3515714285714286
198400,07.06.2010,1.1342857142857143
198400,14.06.2010,0.5064285714285715
198400,21.06.2010,0.2232857142857143
198400,28.06.2010,0.08322857142857143
198400,05.07.2010,0.1646285714285714
198400,12.07.2010,0.10142857142857142
198400,19.07.2010,0.8972142857142857
198400,26.07.2010,0.6265714285714286
198400,02.08.2010,1.1014285714285716
198400,09.08.2010,1.4628571428571429
198400,16.08.2010,1.1487142857142858
198400,23.08.2010,0.6897142857142856
198400,30.08.2010,0.5887142857142857
198400,06.09.2010,0.3372857142857143
198400,13.09.2010,0.30014285714285716
198400,20.09.2010,0.4344285714285715
198400,27.09.2010,2.644285714285714
198400,04.10.2010,0.9891428571428572
198400,11.10.2010,0.6615714285714285
198400,18.10.2010,0.6561428571428571
198400,25.10.2010,0.6055714285714285
198400,01.11.2010,0.6485714285714286
198400,08.11.2010,0.8467142857142856
198400,15.11.2010,0.7519999999999999
198400,22.11.2010,1.2395714285714285
198400,29.11.2010,0.7601428571428571
198400,06.12.2010,1.2105714285714286
198400,13.12.2010,1.4422857142857144
198400,20.12.2010,1.302857142857143
198400,27.12.2010,0.9401428571428572
198400,03.01.2011,1.5005714285714284
198400,10.01.2011,9.964285714285714
198400,17.01.2011,4.319999999999999
198400,24.01.2011,1.8542857142857143
198400,31.01.2011,1.6914285714285715
198400,07.02.2011,1.7085714285714284
198400,14.02.2011,1.2371428571428569
198400,21.02.2011,0.8388571428571429
198400,28.02.2011,0.7224285714285715
198400,07.03.2011,0.6641428571428571
198400,14.03.2011,1.622142857142857
198400,21.03.2011,1.365142857142857
198400,28.03.2011,0.7507142857142858
198400,04.04.2011,0.6055714285714285
198400,11.04.2011,0.5157142857142857
198400,18.04.2011,0.44314285714285717
198400,25.04.2011,0.4637142857142857
198400,02.05.2011,0.5185714285714286
198400,09.05.2011,0.48528571428571426
198400,16.05.2011,0.43557142857142855
198400,23.05.2011,0.24071428571428571
198400,30.05.2011,0.24914285714285714
198400,06.06.2011,0.5367142857142857
198400,13.06.2011,0.3881428571428572
198400,20.06.2011,0.5177142857142857
198400,27.06.2011,0.26342857142857146
198400,04.07.2011,0.24814285714285714
198400,11.07.2011,0.29714285714285715
198400,18.07.2011,2.737857142857142
198400,25.07.2011,1.159857142857143
198400,01.08.2011,1.512857142857143
198400,08.08.2011,0.7732857142857144
198400,15.08.2011,1.2639999999999998
198400,22.08.2011,0.8377142857142857
198400,29.08.2011,0.51
198400,05.09.2011,0.4278571428571429
198400,12.09.2011,0.3657142857142857
198400,19.09.2011,0.466
198400,26.09.2011,0.30271428571428577
198400,03.10.2011,0.3764285714285714
198400,10.10.2011,0.4138571428571428
198400,17.10.2011,0.4782857142857142
198400,24.10.2011,0.5242857142857144
198400,31.10.2011,0.4982857142857143
198400,07.11.2011,0.5338571428571429
198400,14.11.2011,0.5678571428571428
198400,21.11.2011,0.4995714285714285
198400,28.11.2011,0.47828571428571426
198400,05.12.2011,0.7571428571428571
198400,12.12.2011,0.5638571428571428
198400,19.12.2011,0.563
198400,26.12.2011,0.5152857142857143
198400,02.01.2012,0.5950000000000001
198400,09.01.2012,0.6285714285714287
198400,16.01.2012,1.5434285714285714
198400,23.01.2012,2.12
198400,30.01.2012,0.5434285714285715
198400,06.02.2012,0.4258571428571428
198400,13.02.2012,0.5791428571428571
198400,20.02.2012,0.9641428571428572
198400,27.02.2012,0.9281428571428572
198400,05.03.2012,0.6708571428571429
198400,12.03.2012,0.7028571428571428
198400,19.03.2012,0.577
198400,26.03.2012,0.46471428571428575
198400,02.04.2012,0.38014285714285717
198400,09.04.2012,0.6654285714285714
198400,16.04.2012,0.7927142857142858
198400,23.04.2012,0.49800000000000005
198400,30.04.2012,0.3398571428571429
198400,07.05.2012,0.3311428571428571
198400,14.05.2012,0.2508571428571429
198400,21.05.2012,0.1792857142857143
198400,28.05.2012,0.1842857142857143
198400,04.06.2012,0.20628571428571427
198400,11.06.2012,0.2845714285714286
198400,18.06.2012,0.3244285714285714
198400,25.06.2012,0.19314285714285714
198400,02.07.2012,1.0571428571428572
198400,09.07.2012,0.2901428571428571
198400,16.07.2012,0.3417142857142857
198400,23.07.2012,0.24514285714285716
198400,30.07.2012,0.13357142857142856
198400,06.08.2012,0.18971428571428572
198400,13.08.2012,0.13599999999999998
198400,20.08.2012,0.07730000000000001
198400,27.08.2012,0.2615571428571429
198400,03.09.2012,0.18985714285714286
198400,10.09.2012,0.3831428571428571
198400,17.09.2012,0.3087142857142857
198400,24.09.2012,0.24742857142857147
198400,01.10.2012,0.2614285714285714
198400,08.10.2012,0.3394285714285714
198400,15.10.2012,0.3588571428571429
198400,22.10.2012,0.47500000000000003
198400,29.10.2012,0.6807142857142857
198400,05.11.2012,0.9805714285714286
198400,12.11.2012,0.6678571428571428
198400,19.11.2012,0.4522857142857143
198400,26.11.2012,0.9804285714285713
198400,03.12.2012,0.6627142857142857
198400,10.12.2012,0.5251428571428571
198400,17.12.2012,1.4309999999999998
198400,24.12.2012,3.902857142857143
198400,31.12.2012,1.6699999999999997
198400,07.01.2013,1.5885714285714287
198400,14.01.2013,0.9794285714285715
198400,21.01.2013,0.6774285714285714
198400,28.01.2013,3.0931428571428574
198400,04.02.2013,1.7385714285714289
198400,11.02.2013,0.9042857142857142
198400,18.02.2013,0.7644285714285716
198400,25.02.2013,1.8314285714285716
198400,04.03.2013,2.915714285714286
198400,11.03.2013,2.564285714285714
198400,18.03.2013,1.8485714285714288
198400,25.03.2013,1.26
198400,01.04.2013,1.0258571428571428
198400,08.04.2013,0.883
198400,15.04.2013,0.8438571428571428
198400,22.04.2013,0.7381428571428572
198400,29.04.2013,0.6367142857142857
198400,06.05.2013,1.436142857142857
198400,13.05.2013,0.9364285714285714
198400,20.05.2013,0.9777142857142856
198400,27.05.2013,9.234285714285715
198400,03.06.2013,13.08
198400,10.06.2013,3.0985714285714283
198400,17.06.2013,1.1932857142857143
198400,24.06.2013,2.269142857142857
198400,01.07.2013,0.9117142857142857
198400,08.07.2013,0.47385714285714287
198400,15.07.2013,0.26985714285714285
198400,22.07.2013,0.22914285714285715
198400,29.07.2013,1.321142857142857
198400,05.08.2013,3.327142857142857
198400,12.08.2013,1.066857142857143
198400,19.08.2013,0.7785714285714285
198400,26.08.2013,2.3285714285714287
198400,02.09.2013,0.8292857142857143
198400,09.09.2013,0.9681428571428573
198400,16.09.2013,0.9962857142857144
198400,23.09.2013,0.8178571428571428
198400,30.09.2013,0.7162857142857143
198400,07.10.2013,1.3504285714285713
198400,14.10.2013,1.465714285714286
198400,21.10.2013,1.2142857142857142
198400,28.10.2013,0.9605714285714285
198400,04.11.2013,0.977857142857143
198400,11.11.2013,1.0519999999999998
198400,18.11.2013,0.8734285714285716
198400,25.11.2013,0.7027142857142856
198400,02.12.2013,0.6721428571428572
198400,09.12.2013,0.7002857142857143
198400,16.12.2013,0.5901428571428571
198400,23.12.2013,0.5525714285714286
198400,30.12.2013,0.48300000000000004
198400,06.01.2014,0.5295714285714286
198400,13.01.2014,0.4684285714285714
198400,20.01.2014,0.5367142857142857
198400,27.01.2014,0.45042857142857146
198400,03.02.2014,0.5038571428571429
198400,10.02.2014,0.5505714285714286
198400,17.02.2014,0.48785714285714293
198400,24.02.2014,0.4352857142857142
198400,03.03.2014,0.38585714285714284
198400,10.03.2014,0.3477142857142857
198400,17.03.2014,0.43857142857142856
198400,24.03.2014,0.965714285714286
198400,31.03.2014,0.42857142857142855
198400,07.04.2014,0.3507142857142857
198400,14.04.2014,0.351
198400,21.04.2014,0.41157142857142853
198400,28.04.2014,0.46371428571428563
198400,05.05.2014,0.3242857142857143
198400,12.05.2014,0.5808571428571428
198400,19.05.2014,1.096
198400,26.05.2014,0.9644285714285713
198400,02.06.2014,0.32742857142857146
198400,09.06.2014,0.24171428571428571
198400,16.06.2014,0.1784285714285714
198400,23.06.2014,0.19214285714285714
198400,30.06.2014,0.159
198400,07.07.2014,0.5614285714285714
198400,14.07.2014,0.20557142857142854
198400,21.07.2014,1.1368571428571428
198400,28.07.2014,0.3575714285714286
198400,04.08.2014,0.4902857142857143
198400,11.08.2014,0.28671428571428575
198400,18.08.2014,0.18857142857142856
198400,25.08.2014,0.35314285714285715
198400,01.09.2014,0.45871428571428574
198400,08.09.2014,1.417714285714286
198400,15.09.2014,1.3842857142857141
198400,22.09.2014,0.8132857142857143
198400,29.09.2014,0.575
198400,06.10.2014,0.6375714285714286
198400,13.10.2014,1.2147142857142856
198400,20.10.2014,1.5785714285714287
198400,27.10.2014,1.0361428571428573
198400,03.11.2014,0.7750000000000001
198400,10.11.2014,0.697
198400,17.11.2014,1.1982857142857142
198400,24.11.2014,0.8807142857142859
198400,01.12.2014,1.0774285714285712
198400,08.12.2014,0.9097142857142858
198400,15.12.2014,0.8534285714285714
198400,22.12.2014,0.7982857142857142
198400,29.12.2014,0.6782857142857143
198400,05.01.2015,1.1561428571428571
198400,12.01.2015,1.1137142857142857
198400,19.01.2015,0.7464285714285713
198400,26.01.2015,0.6697142857142856
198400,02.02.2015,0.4942857142857143
198400,09.02.2015,0.48628571428571427
198400,16.02.2015,0.41757142857142854
198400,23.02.2015,0.41357142857142853
198400,02.03.2015,0.5088571428571428
198400,09.03.2015,0.4228571428571429
198400,16.03.2015,0.37214285714285716
198400,23.03.2015,0.31742857142857145
198400,30.03.2015,0.6131428571428571
198400,06.04.2015,0.44642857142857145
198400,13.04.2015,0.3425714285714286
198400,20.04.2015,0.2988571428571429
198400,27.04.2015,0.4541428571428572
198400,04.05.2015,0.4928571428571429
198400,11.05.2015,0.26199999999999996
198400,18.05.2015,0.2017142857142857
198400,25.05.2015,0.2005714285714286
198400,01.06.2015,0.1625714285714286
198400,08.06.2015,0.25085714285714283
198400,15.06.2015,0.17142857142857146
198400,22.06.2015,0.18914285714285714
198400,29.06.2015,0.12088571428571429
198400,06.07.2015,0.07315714285714285
198400,13.07.2015,0.06152857142857143
198400,20.07.2015,0.05104285714285715
198400,27.07.2015,0.05694285714285714
198400,03.08.2015,0.04158571428571429
198400,10.08.2015,0.04994285714285714
198400,17.08.2015,0.4908571428571428
198400,24.08.2015,0.11662857142857143
198400,31.08.2015,0.09158571428571428
198400,07.09.2015,0.09202857142857143
198400,14.09.2015,0.08598571428571429
198400,21.09.2015,0.07271428571428572
198400,28.09.2015,0.06382857142857143
198400,05.10.2015,0.17072857142857142
198400,12.10.2015,0.2715714285714286
198400,19.10.2015,0.2742857142857143
198400,26.10.2015,0.36742857142857144
198400,02.11.2015,0.30942857142857144
198400,09.11.2015,0.31057142857142855
198400,16.11.2015,0.6701428571428572
198400,23.11.2015,0.45485714285714296
198400,30.11.2015,0.5791428571428573
198400,07.12.2015,0.39657142857142863
198400,14.12.2015,0.37814285714285717
198400,21.12.2015,0.354
198400,28.12.2015,0.2887142857142857
198400,04.01.2016,0.17114285714285718
198400,11.01.2016,0.46385714285714286
198400,18.01.2016,0.3172857142857143
198400,25.01.2016,0.6175714285714287
198400,01.02.2016,0.48400000000000004
198400,08.02.2016,0.3841428571428572
198400,15.02.2016,0.3054285714285715
198400,22.02.2016,0.5612857142857143
198400,29.02.2016,0.9255714285714286
198400,07.03.2016,0.6721428571428572
198400,14.03.2016,0.43000000000000005
198400,21.03.2016,0.3692857142857143
198400,28.03.2016,0.3351428571428571
198400,04.04.2016,0.36957142857142855
198400,11.04.2016,0.367
198400,18.04.2016,0.26371428571428573
198400,25.04.2016,0.19399999999999998
198400,02.05.2016,0.16942857142857143
198400,09.05.2016,0.12114285714285714
198400,16.05.2016,0.09414285714285715
198400,23.05.2016,0.744
198400,30.05.2016,0.735
198400,06.06.2016,0.2817142857142857
198400,13.06.2016,0.31257142857142856
198400,20.06.2016,0.217
198400,27.06.2016,0.23
198400,04.07.2016,0.09971428571428573
198400,11.07.2016,0.12465714285714287
198400,18.07.2016,0.16212857142857143
198400,25.07.2016,0.14285714285714285
198400,01.08.2016,0.20692857142857143
198400,08.08.2016,0.1582857142857143
198400,15.08.2016,0.08951428571428573
198400,22.08.2016,0.09102857142857143
198400,29.08.2016,0.06704285714285714
198400,05.09.2016,0.04977142857142858
198400,12.09.2016,0.09515714285714284
198400,19.09.2016,0.13742857142857143
198400,26.09.2016,0.09120000000000002
198400,03.10.2016,0.35700000000000004
198400,10.10.2016,0.29228571428571426
198400,17.10.2016,0.26142857142857145
198400,24.10.2016,0.36514285714285716
198400,31.10.2016,0.41814285714285715
198400,07.11.2016,0.4814285714285714
198400,14.11.2016,0.4367142857142857
198400,21.11.2016,0.38642857142857145
198400,28.11.2016,0.2147142857142857
198400,05.12.2016,0.17971428571428572
198400,12.12.2016,0.20271428571428576
198400,19.12.2016,0.1897142857142857
198400,26.12.2016,0.2007142857142857
198400,02.01.2017,0.1732857142857143
198400,09.01.2017,0.16928571428571426
198400,16.01.2017,0.12471428571428571
198400,23.01.2017,0.11611428571428571
198400,30.01.2017,0.15342857142857144
198400,06.02.2017,0.21928571428571428
198400,13.02.2017,0.3231428571428571
198400,20.02.2017,0.8342857142857143
198400,27.02.2017,0.46471428571428575
198400,06.03.2017,0.5795714285714286
198400,13.03.2017,0.5858571428571427
198400,20.03.2017,0.5914285714285714
198400,27.03.2017,0.3142857142857142
198400,03.04.2017,0.47685714285714287
198400,10.04.2017,0.2857142857142857
198400,17.04.2017,0.31128571428571433
198400,24.04.2017,0.37785714285714284
198400,01.05.2017,0.3194285714285714
198400,08.05.2017,0.20842857142857144
198400,15.05.2017,0.13335714285714287
198400,22.05.2017,0.07791428571428571
198400,29.05.2017,0.06358571428571429
198400,05.06.2017,0.06327142857142856
198400,12.06.2017,0.03947142857142858
198400,19.06.2017,0.04455714285714286
198400,26.06.2017,0.7373999999999999
198400,03.07.2017,0.1802857142857143
198400,10.07.2017,0.2052857142857143
198400,17.07.2017,0.16071428571428573
198400,24.07.2017,0.16404285714285713
198400,31.07.2017,0.0818142857142857
198400,07.08.2017,0.18797142857142854
198400,14.08.2017,0.1290714285714286
198400,21.08.2017,0.07812857142857144
198400,28.08.2017,0.16114285714285717
198400,04.09.2017,0.1125
198400,11.09.2017,0.09861428571428572
198400,18.09.2017,0.08437142857142857
198400,25.09.2017,0.09598571428571427
198400,02.10.2017,0.1541
198400,09.10.2017,0.2834285714285714
198400,16.10.2017,0.33585714285714285
198400,23.10.2017,0.4177142857142857
198400,30.10.2017,0.42057142857142865
198400,06.11.2017,0.2752857142857143
198400,13.11.2017,0.3668571428571429
198400,20.11.2017,0.3514285714285714
198400,27.11.2017,0.324
198400,04.12.2017,0.31242857142857144
198400,11.12.2017,0.30614285714285716
198400,18.12.2017,0.31242857142857144
198400,25.12.2017,0.388
198400,01.01.2018,0.9282857142857143
198400,08.01.2018,0.5238571428571429
198400,15.01.2018,0.3982857142857143
198400,22.01.2018,0.42342857142857143
198400,29.01.2018,0.3978571428571428
198400,05.02.2018,0.3032857142857143
198400,12.02.2018,0.25614285714285717
198400,19.02.2018,0.201
198400,26.02.2018,0.12971428571428573
198400,05.03.2018,0.2601428571428571
198400,12.03.2018,0.910142857142857
198400,19.03.2018,0.5718571428571428
198400,26.03.2018,0.46785714285714286
198400,02.04.2018,0.39157142857142857
198400,09.04.2018,0.27342857142857147
198400,16.04.2018,0.30828571428571433
198400,23.04.2018,0.16714285714285712
198400,30.04.2018,0.10774285714285714
198400,07.05.2018,0.07407142857142857
198400,14.05.2018,0.11747142857142856
198400,21.05.2018,0.11635714285714285
198400,28.05.2018,0.15112857142857142
198400,04.06.2018,0.10062857142857143
198400,11.06.2018,0.35014285714285714
198400,18.06.2018,0.07039999999999999
198400,25.06.2018,0.056285714285714286
198400,02.07.2018,0.044700000000000004
198400,09.07.2018,0.05417142857142857
198400,16.07.2018,0.03211428571428571
198400,23.07.2018,0.020514285714285714
198400,30.07.2018,0.01874285714285714
198400,06.08.2018,0.01795714285714286
198400,13.08.2018,0.016685714285714286
198400,20.08.2018,0.019071428571428573
198400,27.08.2018,0.026728571428571428
198400,03.09.2018,0.04630000000000001
198400,10.09.2018,0.0269
198400,17.09.2018,0.027542857142857143
198400,24.09.2018,0.05208571428571429
198400,01.10.2018,0.03308571428571428
198400,08.10.2018,0.033171428571428574
198400,15.10.2018,0.03244285714285714
198400,22.10.2018,0.06385714285714285
198400,29.10.2018,0.10531428571428571
198400,05.11.2018,0.06404285714285714
198400,12.11.2018,0.06350000000000001
198400,19.11.2018,0.0921142857142857
198400,26.11.2018,0.07804285714285715
198400,03.12.2018,0.18285714285714286
198400,10.12.2018,0.12904285714285715
198400,17.12.2018,0.11711428571428573
198400,24.12.2018,0.22414285714285714
198400,31.12.2018,0.13908571428571428
198400,07.01.2019,0.27171428571428574
198400,14.01.2019,0.407
198400,21.01.2019,0.21100000000000002
198400,28.01.2019,0.20028571428571432
198400,04.02.2019,0.25142857142857145
198400,11.02.2019,0.6654285714285715
198400,18.02.2019,0.348
198400,25.02.2019,0.24171428571428571
198400,04.03.2019,0.24485714285714283
198400,11.03.2019,0.5855714285714286
198400,18.03.2019,0.33742857142857147
198400,25.03.2019,0.271
198400,01.04.2019,0.22071428571428572
198400,08.04.2019,0.13642857142857143
198400,15.04.2019,0.10875714285714284
198400,22.04.2019,0.10411428571428571
198400,29.04.2019,0.2127142857142857
198400,06.05.2019,0.153
198400,13.05.2019,0.1455714285714286
198400,20.05.2019,0.29242857142857137
198400,27.05.2019,0.29085714285714287
198400,03.06.2019,0.11410000000000001
198400,10.06.2019,0.07931428571428571
198400,17.06.2019,0.11817142857142857
198400,24.06.2019,0.043971428571428564
198400,01.07.2019,0.01532857142857143
198400,08.07.2019,0.020742857142857143
198400,15.07.2019,0.036328571428571425
198400,22.07.2019,0.04694285714285713
198400,29.07.2019,0.04251428571428572
198400,05.08.2019,0.10642857142857143
198400,12.08.2019,0.1273
198400,19.08.2019,0.19418571428571427
198400,26.08.2019,0.0743
198400,02.09.2019,0.1589
198400,09.09.2019,0.11631428571428572
198400,16.09.2019,0.05501428571428572
198400,23.09.2019,0.05017142857142857
198400,30.09.2019,0.10474285714285715
198400,07.10.2019,0.11242857142857142
198400,14.10.2019,0.10727142857142857
198400,21.10.2019,0.15257142857142858
198400,28.10.2019,0.10678571428571428
198400,04.11.2019,0.15714285714285717
198400,11.11.2019,0.31757142857142856
198400,18.11.2019,0.2225714285714286
198400,25.11.2019,0.173
198400,02.12.2019,0.1787142857142857
198400,09.12.2019,0.16014285714285714
198400,16.12.2019,0.13314285714285715
198400,23.12.2019,0.14114285714285715
198400,30.12.2019,0.11648571428571429
198400,06.01.2020,0.13142857142857142
198400,13.01.2020,0.1177142857142857
198400,20.01.2020,0.10609999999999999
198400,27.01.2020,0.12485714285714285
198400,03.02.2020,0.5174285714285715
198400,10.02.2020,0.38442857142857145
198400,17.02.2020,0.23357142857142857
198400,24.02.2020,0.2521428571428571
198400,02.03.2020,0.41571428571428576
198400,09.03.2020,1.2654285714285716
198400,16.03.2020,0.6587142857142857
198400,23.03.2020,0.3152857142857143
198400,30.03.2020,0.2025714285714286
198400,06.04.2020,0.1622857142857143
198400,13.04.2020,0.144
198400,20.04.2020,0.13128571428571428
198400,27.04.2020,0.11357142857142857
198400,04.05.2020,0.09219999999999999
198400,11.05.2020,0.20100000000000004
198400,18.05.2020,0.11841428571428571
198400,25.05.2020,0.14314285714285716
198400,01.06.2020,0.1381857142857143
198400,08.06.2020,0.23357142857142857
198400,15.06.2020,0.615142857142857
198400,22.06.2020,0.16985714285714285
198400,29.06.2020,0.16947142857142858
198400,06.07.2020,0.08477142857142857
198400,13.07.2020,0.07051428571428571
198400,20.07.2020,0.056100000000000004
198400,27.07.2020,0.04011428571428571
198400,03.08.2020,0.20497142857142858
198400,10.08.2020,0.3065857142857143
198400,17.08.2020,0.13852857142857142
198400,24.08.2020,0.06751428571428572
198400,31.08.2020,0.10021428571428573
198400,07.09.2020,0.051228571428571436
198400,14.09.2020,0.03975714285714286
198400,21.09.2020,0.3645714285714286
198400,28.09.2020,0.3695714285714286
198400,05.10.2020,0.18328571428571427
198400,12.10.2020,1.354142857142857
198400,19.10.2020,0.6557142857142857
198400,26.10.2020,0.5622857142857143
198400,02.11.2020,0.6057142857142858
198400,09.11.2020,0.4797142857142857
198400,16.11.2020,0.28914285714285715
198400,23.11.2020,0.3362857142857143
198400,30.11.2020,0.2865714285714286
198400,07.12.2020,0.2501428571428571
198400,14.12.2020,0.20057142857142857
198400,21.12.2020,0.3192857142857143
198400,28.12.2020,0.28171428571428575
198400,04.01.2021,0.3567142857142857
198400,11.01.2021,0.2458571428571429
198400,18.01.2021,0.5231428571428571
198400,25.01.2021,1.3004285714285715
198400,01.02.2021,1.467142857142857
198400,08.02.2021,0.840857142857143
198400,15.02.2021,1.560285714285714
198400,22.02.2021,1.1332857142857145
198400,01.03.2021,1.0178571428571428
198400,08.03.2021,0.8982857142857142
198400,15.03.2021,0.7948571428571427
198400,22.03.2021,0.5534285714285714
198400,29.03.2021,0.399
198400,05.04.2021,0.3344285714285714
198400,12.04.2021,0.3162857142857143
198400,19.04.2021,0.28214285714285714
198400,26.04.2021,0.3598571428571429
198400,03.05.2021,0.5571428571428572
198400,10.05.2021,3.111
198400,17.05.2021,1.5097142857142856
198400,24.05.2021,0.7928571428571429
198400,31.05.2021,0.4322857142857143
198400,07.06.2021,0.263
198400,14.06.2021,0.14157142857142857
198400,21.06.2021,0.7444285714285714
198400,28.06.2021,0.6
198400,05.07.2021,0.6135714285714285
198400,12.07.2021,0.9595714285714286
198400,19.07.2021,0.6555714285714285
198400,26.07.2021,0.4692857142857143
198400,02.08.2021,0.9974285714285714
198400,09.08.2021,0.7882857142857143
198400,16.08.2021,0.3472857142857143
198400,23.08.2021,0.35814285714285715
198400,30.08.2021,0.31814285714285717
198400,06.09.2021,0.17985714285714285
198400,13.09.2021,0.2197142857142857
198400,20.09.2021,0.20357142857142857
198400,27.09.2021,0.1447142857142857
198400,04.10.2021,0.14885714285714285
198400,11.10.2021,0.17357142857142857
198400,18.10.2021,0.21757142857142855
198400,25.10.2021,0.29614285714285715
198400,01.11.2021,0.6354285714285715
198400,08.11.2021,0.45442857142857146
198400,15.11.2021,0.3875714285714285
198400,22.11.2021,0.3412857142857143
198400,29.11.2021,0.40885714285714286
198400,06.12.2021,0.42514285714285716
198400,13.12.2021,0.4968571428571429
198400,20.12.2021,0.40428571428571425
